City_ID,City,Country,Date,Lat,Lng,Max Temp,Humidity,Cloudiness,Wind Speed
0,Waingapu,ID,2022-05-20 18:47:08,-9.6567,120.2641,77.29,83,82,8.23
1,Constitucion,CL,2022-05-20 18:47:09,-35.3333,-72.4167,58.75,69,0,5.44
2,Kardymovo,RU,2022-05-20 18:47:09,54.8902,32.4311,46.27,95,100,6.82
3,Port Blair,IN,2022-05-20 18:47:09,11.6667,92.75,82.44,89,100,11.5
4,Mar Del Plata,AR,2022-05-20 18:42:55,-38.0023,-57.5575,61.95,60,0,18.41
5,Fortuna,US,2022-05-20 18:47:10,40.5982,-124.1573,64.85,57,0,13.8
6,Busselton,AU,2022-05-20 18:47:10,-33.65,115.3333,56.07,84,2,7.49
7,Batticaloa,LK,2022-05-20 18:47:10,7.7102,81.6924,82.08,72,100,8.21
8,Port Alfred,ZA,2022-05-20 18:47:11,-33.5906,26.891,61.77,73,100,7.29
9,Mataura,NZ,2022-05-20 18:47:11,-46.1927,168.8643,45.48,90,100,13.53
10,Luderitz,NA,2022-05-20 18:47:11,-26.6481,15.1594,53.8,70,0,13.76
11,Banepa,NP,2022-05-20 18:47:12,27.6298,85.5214,62.92,94,75,0.0
12,Bluff,NZ,2022-05-20 18:47:12,-46.6,168.3333,45.81,76,100,31.18
13,Lebu,CL,2022-05-20 18:47:13,-37.6167,-73.65,54.88,84,27,8.86
14,Albany,US,2022-05-20 18:47:13,42.6001,-73.9662,79.74,62,97,5.99
15,Nautla,MX,2022-05-20 18:47:13,20.2167,-96.7833,90.3,58,11,14.76
16,Rapid City,US,2022-05-20 18:47:14,44.0805,-103.231,49.01,56,75,39.12
17,Itarema,BR,2022-05-20 18:47:14,-2.9248,-39.9167,82.56,77,100,6.6
18,Ostrovnoy,RU,2022-05-20 18:47:14,68.0531,39.5131,31.68,69,99,7.05
19,Ribeira Grande,PT,2022-05-20 18:47:15,38.5167,-28.7,63.0,94,75,3.44
20,Ushuaia,AR,2022-05-20 18:47:15,-54.8,-68.3,47.86,57,40,12.66
21,Castro,BR,2022-05-20 18:47:16,-24.7911,-50.0119,59.47,54,0,5.95
22,Rikitea,PF,2022-05-20 18:47:16,-23.1203,-134.9692,72.63,78,100,0.74
23,Souillac,MU,2022-05-20 18:47:16,-20.5167,57.5167,73.78,88,75,5.75
24,Samarai,PG,2022-05-20 18:47:17,-10.6167,150.6667,81.48,76,38,7.99
25,Khatanga,RU,2022-05-20 18:47:17,71.9667,102.5,28.35,87,100,9.6
26,Mount Gambier,AU,2022-05-20 18:47:17,-37.8333,140.7667,43.07,93,24,5.61
27,Punta Arenas,CL,2022-05-20 18:42:25,-53.15,-70.9167,42.91,81,100,8.05
28,Armizonskoye,RU,2022-05-20 18:47:18,55.9461,67.6736,46.56,68,100,7.0
29,Pevek,RU,2022-05-20 18:47:18,69.7008,170.3133,32.74,97,77,5.35
30,Cabo San Lucas,MX,2022-05-20 18:47:18,22.8909,-109.9124,85.6,57,3,14.34
31,Ponta Do Sol,PT,2022-05-20 18:47:19,32.6667,-17.1,71.01,81,61,1.74
32,Nisia Floresta,BR,2022-05-20 18:47:19,-6.0911,-35.2086,86.81,77,84,7.83
33,Chapais,CA,2022-05-20 18:47:20,49.7834,-74.8492,49.78,72,100,15.66
34,Thompson,CA,2022-05-20 18:47:20,55.7435,-97.8558,35.76,69,100,12.66
35,Port Keats,AU,2022-05-20 18:47:20,-14.25,129.55,74.44,54,5,7.36
36,Ucluelet,CA,2022-05-20 18:45:12,48.9329,-125.5528,55.09,81,28,1.01
37,Qasigiannguit,GL,2022-05-20 18:47:21,68.8193,-51.1922,37.65,76,100,2.01
38,Katsuura,JP,2022-05-20 18:47:21,35.1333,140.3,66.67,80,100,11.54
39,Barra Do Garcas,BR,2022-05-20 18:47:22,-15.89,-52.2567,77.58,29,0,11.5
40,Metro,ID,2022-05-20 18:47:22,-5.1131,105.3067,75.6,89,89,5.08
41,Iranshahr,IR,2022-05-20 18:47:22,27.2025,60.6848,97.14,9,0,4.61
42,Georgetown,MY,2022-05-20 18:45:13,5.4112,100.3354,82.35,82,20,3.44
43,Hualmay,PE,2022-05-20 18:48:23,-11.0964,-77.6139,69.15,79,43,10.13
44,Noyabrsk,RU,2022-05-20 18:48:23,63.1994,75.4507,43.27,71,100,15.75
45,Tasiilaq,GL,2022-05-20 18:48:24,65.6145,-37.6368,39.36,77,23,2.28
46,Mnogovershinnyy,RU,2022-05-20 18:48:24,53.9353,139.9242,33.26,86,31,3.53
47,Namatanai,PG,2022-05-20 18:48:25,-3.6667,152.4333,78.58,82,30,5.5
48,Ust-Maya,RU,2022-05-20 18:48:25,60.4167,134.5333,37.38,88,100,7.23
49,Aklavik,CA,2022-05-20 18:48:25,68.2191,-135.0107,48.2,49,40,2.3
50,Cape Town,ZA,2022-05-20 18:48:15,-33.9258,18.4232,57.61,78,0,5.75
51,Tiksi,RU,2022-05-20 18:48:26,71.6872,128.8694,30.52,85,100,7.43
52,Saint-Philippe,RE,2022-05-20 18:48:26,-21.3585,55.7679,72.99,82,38,10.94
53,Vaini,TO,2022-05-20 18:48:26,-21.2,-175.2,73.56,88,75,5.75
54,Hobart,AU,2022-05-20 18:45:00,-42.8794,147.3294,42.66,91,100,4.61
55,Katete,UG,2022-05-20 18:48:27,-0.7818,29.7544,64.9,81,100,3.58
56,Arraial Do Cabo,BR,2022-05-20 18:48:28,-22.9661,-42.0278,71.56,78,40,10.36
57,Orikum,AL,2022-05-20 18:48:28,40.3253,19.4714,66.72,62,5,10.78
58,Monrovia,LR,2022-05-20 18:44:46,6.3005,-10.7969,78.6,87,100,9.57
59,East London,ZA,2022-05-20 18:45:38,-33.0153,27.9116,58.14,94,75,13.8
60,Brae,GB,2022-05-20 18:48:28,60.3964,-1.353,51.24,86,99,10.49
61,Acapulco,MX,2022-05-20 18:47:25,16.8634,-99.8901,87.35,47,96,12.95
62,Buraydah,SA,2022-05-20 18:48:29,26.326,43.975,99.05,8,0,7.61
63,Tuktoyaktuk,CA,2022-05-20 18:48:29,69.4541,-133.0374,37.4,81,100,4.61
64,Wamba,NG,2022-05-20 18:48:30,8.9333,8.6,78.19,72,34,2.59
65,Sao Filipe,CV,2022-05-20 18:48:30,14.8961,-24.4956,74.16,73,17,10.78
66,Puerto Ayora,EC,2022-05-20 18:48:30,-0.7393,-90.3518,82.36,91,87,3.0
67,Faya,SA,2022-05-20 18:48:31,18.3851,42.4509,75.72,15,0,9.84
68,Mendi,PG,2022-05-20 18:48:31,-6.1761,143.6513,53.89,97,85,1.95
69,Barrow,US,2022-05-20 18:48:31,71.2906,-156.7887,30.22,93,100,14.97
70,Haradok,BY,2022-05-20 18:48:32,55.4624,29.9816,51.91,98,100,13.0
71,Te Anau,NZ,2022-05-20 18:48:32,-45.4167,167.7167,42.82,84,100,4.74
72,Jamestown,US,2022-05-20 18:43:48,42.097,-79.2353,69.06,85,100,13.8
73,Bambous Virieux,MU,2022-05-20 18:48:33,-20.3428,57.7575,76.21,88,75,5.75
74,Rudnogorsk,RU,2022-05-20 18:48:33,57.2639,103.7519,53.56,93,100,4.03
75,Kachiry,KZ,2022-05-20 18:48:33,53.0675,76.1036,59.74,58,100,7.02
76,Lorengau,PG,2022-05-20 18:48:34,-2.0226,147.2712,81.01,79,100,8.34
77,Hami,CN,2022-05-20 18:48:34,42.8,93.45,73.15,32,1,18.84
78,Puerto Colombia,CO,2022-05-20 18:48:34,10.9878,-74.9547,82.49,77,62,9.35
79,Tuatapere,NZ,2022-05-20 18:48:35,-46.1333,167.6833,45.57,84,92,17.81
80,Kodiak,US,2022-05-20 18:48:35,57.79,-152.4072,45.91,76,100,14.97
81,Yerbogachen,RU,2022-05-20 18:48:35,61.2767,108.0108,44.56,81,100,3.78
82,Vardo,NO,2022-05-20 18:48:36,70.3705,31.1107,37.38,75,75,21.85
83,Kumbhraj,IN,2022-05-20 18:48:36,24.3667,77.05,96.84,19,2,14.81
84,Atuona,PF,2022-05-20 18:48:36,-9.8,-139.0333,77.2,68,1,10.63
85,Bredasdorp,ZA,2022-05-20 18:49:37,-34.5322,20.0403,52.63,75,7,4.74
86,Guerrero Negro,MX,2022-05-20 18:47:18,27.9769,-114.0611,72.28,49,0,7.85
87,Kolondieba,ML,2022-05-20 18:49:37,11.0882,-6.8926,89.92,36,80,5.53
88,Nikolskoye,RU,2022-05-20 18:49:38,59.7035,30.7861,48.09,71,97,6.17
89,Otradnoye,RU,2022-05-20 18:49:38,59.7775,30.8181,48.25,71,93,6.11
90,Guarapari,BR,2022-05-20 18:49:38,-20.6667,-40.4975,73.02,56,0,10.74
91,Walvis Bay,NA,2022-05-20 18:49:39,-22.9575,14.5053,59.95,58,0,14.97
92,Sarakhs,IR,2022-05-20 18:49:39,36.5449,61.1577,80.74,28,0,2.3
93,Araouane,ML,2022-05-20 18:49:39,18.9048,-3.5265,96.51,8,60,8.32
94,Hilo,US,2022-05-20 18:47:03,19.7297,-155.09,81.63,80,20,7.0
95,Saskylakh,RU,2022-05-20 18:49:40,71.9167,114.0833,27.81,94,100,1.1
96,Karasuyama,JP,2022-05-20 18:49:40,36.65,140.15,60.39,92,100,5.97
97,Barcelos,PT,2022-05-20 18:49:40,41.5388,-8.6151,81.84,55,100,6.62
98,Marquette,US,2022-05-20 18:49:41,46.5333,-87.6335,56.77,94,100,10.02
99,Bengkulu,ID,2022-05-20 18:49:41,-3.8004,102.2655,76.08,87,65,3.74
100,Huejuquilla El Alto,MX,2022-05-20 18:49:42,22.6,-103.8667,85.68,13,0,18.39
101,Narsaq,GL,2022-05-20 18:49:42,60.9167,-46.05,52.02,64,15,5.61
102,Avarua,CK,2022-05-20 18:49:42,-21.2078,-159.775,75.25,78,75,3.44
103,Cabra,ES,2022-05-20 18:49:43,37.4725,-4.4421,83.82,28,100,5.5
104,Dallas,US,2022-05-20 18:48:23,32.7668,-96.7836,92.93,55,20,18.41
105,Misratah,LY,2022-05-20 18:47:02,32.3754,15.0925,66.9,60,0,10.67
106,Dharmavaram,IN,2022-05-20 18:49:43,14.4333,77.7167,75.25,71,98,16.55
107,Novopokrovka,UA,2022-05-20 18:49:44,49.8425,36.5477,55.31,84,100,1.16
108,Areka,ET,2022-05-20 18:49:44,7.0667,37.7,63.07,85,100,2.53
109,Takoradi,GH,2022-05-20 18:49:44,4.8845,-1.7554,79.41,84,100,11.77
110,Casambalangan,PH,2022-05-20 18:49:45,18.3765,122.1274,77.41,87,100,2.8
111,Qaanaaq,GL,2022-05-20 18:49:45,77.484,-69.3632,18.7,74,13,3.44
112,Kempsey,AU,2022-05-20 18:49:45,-31.0833,152.8333,57.15,94,100,4.0
113,Along,IN,2022-05-20 18:49:46,28.1667,94.7667,66.96,98,97,2.28
114,Butaritari,KI,2022-05-20 18:49:46,3.0707,172.7902,81.46,73,20,16.28
115,Mayumba,GA,2022-05-20 18:49:46,-3.432,10.6554,77.22,86,100,7.96
116,Saalfeld,DE,2022-05-20 18:46:55,50.65,11.3667,74.68,79,98,10.4
117,The Valley,AI,2022-05-20 18:49:47,18.217,-63.0578,87.66,70,20,14.97
118,Zhanaozen,KZ,2022-05-20 18:49:47,43.3,52.8,57.58,63,100,19.98
119,Pingliang,CN,2022-05-20 18:49:47,35.5392,106.6861,60.17,63,100,4.14
120,Broken Hill,AU,2022-05-20 18:49:48,-31.95,141.4333,49.32,79,100,9.1
121,Punta Cardon,VE,2022-05-20 18:49:48,11.6581,-70.215,84.54,66,100,28.19
122,Mattoon,US,2022-05-20 18:49:48,39.4831,-88.3728,84.72,54,0,18.41
123,Pangody,RU,2022-05-20 18:49:49,65.85,74.4859,41.79,75,100,9.48
124,Yuanping,CN,2022-05-20 18:49:49,38.7153,112.7575,61.45,47,1,2.66
125,Jingdezhen,CN,2022-05-20 18:49:49,29.2947,117.2079,62.11,97,100,0.74
126,Ofunato,JP,2022-05-20 18:49:50,39.0717,141.7167,59.56,64,100,4.65
127,Asaka,JP,2022-05-20 18:49:50,35.8047,139.6019,69.19,74,100,0.78
128,Santa Marta,CO,2022-05-20 18:48:37,11.2408,-74.199,91.45,58,40,8.05
129,Kaitangata,NZ,2022-05-20 18:49:50,-46.2817,169.8464,44.83,82,36,18.52
130,Eureka,US,2022-05-20 18:49:51,40.8021,-124.1637,70.66,60,6,10.0
131,Saldanha,ZA,2022-05-20 18:49:51,-33.0117,17.9442,51.85,70,2,15.08
132,Hermanus,ZA,2022-05-20 18:50:51,-34.4187,19.2345,51.8,69,13,2.64
133,San Patricio,US,2022-05-20 18:50:52,28.017,-97.5169,89.69,45,10,22.5
134,Comodoro Rivadavia,AR,2022-05-20 18:50:52,-45.8667,-67.5,49.86,76,0,2.3
135,Fallon,US,2022-05-20 18:50:53,39.4735,-118.7774,55.92,21,20,9.22
136,Jalu,LY,2022-05-20 18:50:53,29.0331,21.5482,75.56,22,0,19.39
137,Cockburn Town,TC,2022-05-20 18:49:35,21.4612,-71.1419,84.16,70,75,6.91
138,Rio Bueno,CL,2022-05-20 18:50:53,-40.3167,-72.9667,55.11,87,100,5.77
139,Yellowknife,CA,2022-05-20 18:50:54,62.456,-114.3525,57.72,19,75,5.75
140,Chokurdakh,RU,2022-05-20 18:50:54,70.6333,147.9167,33.71,98,100,3.91
141,Celestun,MX,2022-05-20 18:50:54,20.8667,-90.4,91.72,56,91,6.26
142,Bowen,AU,2022-05-20 18:50:55,-20.0167,148.2333,70.93,81,98,12.59
143,Moville,US,2022-05-20 18:50:55,42.4889,-96.0725,64.04,45,97,11.79
144,Toamasina,MG,2022-05-20 18:50:55,-18.1667,49.3833,69.8,94,75,9.22
145,Sitka,US,2022-05-20 18:50:56,57.0531,-135.33,53.49,66,0,3.44
146,Sur,OM,2022-05-20 18:46:26,22.5667,59.5289,91.71,43,1,12.15
147,Hithadhoo,MV,2022-05-20 18:50:56,-0.6,73.0833,83.23,72,31,9.57
148,Kavaratti,IN,2022-05-20 18:50:57,10.5669,72.642,82.51,78,100,10.11
149,New Norfolk,AU,2022-05-20 18:50:57,-42.7826,147.0587,42.3,85,10,2.3
150,Margate,GB,2022-05-20 18:50:57,51.3813,1.3862,58.87,77,79,5.99
151,Port Hardy,CA,2022-05-20 18:50:58,50.6996,-127.4199,51.8,81,100,5.75
152,Omboue,GA,2022-05-20 18:50:58,-1.5746,9.2618,75.99,91,100,5.53
153,Sioux Lookout,CA,2022-05-20 18:50:58,50.1001,-91.917,37.47,93,100,11.5
154,Beloha,MG,2022-05-20 18:50:59,-25.1667,45.05,69.82,60,49,6.78
155,Dikson,RU,2022-05-20 18:50:59,73.5069,80.5464,28.53,82,100,4.18
156,Cherskiy,RU,2022-05-20 18:50:59,68.75,161.3,48.29,61,6,16.13
157,Bereda,ES,2022-05-20 18:51:00,43.2686,-7.5406,64.42,76,93,6.35
158,Saint George,US,2022-05-20 18:51:00,37.1041,-113.5841,71.26,14,0,8.99
159,Talnakh,RU,2022-05-20 18:51:00,69.4865,88.3972,42.21,84,100,7.11
160,Sarangani,PH,2022-05-20 18:51:01,5.4033,125.4636,83.39,75,100,10.96
161,Pismo Beach,US,2022-05-20 18:51:01,35.1428,-120.6413,78.76,62,0,9.22
162,Paamiut,GL,2022-05-20 18:51:02,61.994,-49.6678,34.81,88,99,7.52
163,Kruisfontein,ZA,2022-05-20 18:51:02,-34.0033,24.7314,54.88,89,100,5.48
164,Kenai,US,2022-05-20 18:51:02,60.5544,-151.2583,66.02,44,0,5.75
165,Phangnga,TH,2022-05-20 18:51:03,8.4509,98.5298,82.44,95,100,3.06
166,Sunndalsora,NO,2022-05-20 18:51:03,62.6754,8.5515,56.8,77,100,1.01
167,Port Macquarie,AU,2022-05-20 18:51:03,-31.4333,152.9167,57.09,100,100,5.75
168,Kununurra,AU,2022-05-20 18:51:04,-15.7667,128.7333,82.38,34,5,10.36
169,Necochea,AR,2022-05-20 18:51:04,-38.5473,-58.7368,59.7,46,100,11.97
170,Santa Isabel Do Rio Negro,BR,2022-05-20 18:51:04,-0.4139,-65.0192,76.6,82,94,2.42
171,College,US,2022-05-20 18:50:36,64.8569,-147.8028,62.1,44,0,1.99
172,Roald,NO,2022-05-20 18:51:05,62.5833,6.1333,57.9,76,92,13.8
173,Boca Do Acre,BR,2022-05-20 18:51:05,-8.7522,-67.3978,85.51,40,100,1.43
174,Vestmannaeyjar,IS,2022-05-20 18:51:06,63.4427,-20.2734,50.99,87,75,5.75
175,Evensk,RU,2022-05-20 18:51:06,61.95,159.2333,38.48,87,90,9.89
176,Mindelo,CV,2022-05-20 18:51:06,16.8901,-24.9804,78.35,57,75,26.46
177,Geraldton,AU,2022-05-20 18:49:39,-28.7667,114.6,54.01,94,0,9.22
178,Lagoa,PT,2022-05-20 18:51:07,39.05,-27.9833,61.18,92,100,14.65
179,Avera,US,2022-05-20 18:52:07,33.194,-82.5271,92.55,32,100,13.24
180,Moyobamba,PE,2022-05-20 18:52:07,-6.05,-76.9667,75.88,74,67,4.12
181,Mahebourg,MU,2022-05-20 18:52:08,-20.4081,57.7,76.24,88,75,5.75
182,Ojinaga,MX,2022-05-20 18:49:53,29.5667,-104.4167,94.57,16,0,6.91
183,Henties Bay,NA,2022-05-20 18:52:08,-22.116,14.2845,57.43,79,0,22.95
184,Krasnoselkup,RU,2022-05-20 18:52:09,65.7,82.4667,47.39,79,100,11.77
185,Novomykolayivka,UA,2022-05-20 18:52:09,47.9781,35.9102,56.8,80,100,7.09
186,Rio Grande,BR,2022-05-20 18:52:09,-32.035,-52.0986,68.11,56,0,6.91
187,Poole,GB,2022-05-20 18:52:10,50.7167,-2.0,59.95,86,75,17.27
188,Port Elizabeth,ZA,2022-05-20 18:52:10,-33.918,25.5701,57.49,97,100,9.22
189,Codrington,AU,2022-05-20 18:52:10,-38.2667,141.9667,43.14,91,12,6.31
190,Champerico,GT,2022-05-20 18:52:11,14.3,-91.9167,91.94,65,100,7.83
191,Nome,US,2022-05-20 18:52:11,64.5011,-165.4064,60.87,39,0,14.97
192,Yokadouma,CM,2022-05-20 18:52:12,3.5167,15.05,70.16,99,100,1.99
193,Port Lincoln,AU,2022-05-20 18:52:12,-34.7333,135.8667,56.59,63,0,12.39
194,Sardarshahr,IN,2022-05-20 18:52:12,28.4333,74.4833,97.45,13,80,18.41
195,Saint Stephen,GB,2022-05-20 18:52:13,50.3333,-4.9,59.14,88,20,17.27
196,Houma,US,2022-05-20 18:52:13,29.5958,-90.7195,89.6,64,40,14.97
197,Los Aquijes,PE,2022-05-20 18:52:13,-14.0967,-75.6908,85.42,38,100,5.99
198,Hofn,IS,2022-05-20 18:52:14,64.2539,-15.2082,50.02,87,100,12.66
199,Cortez,US,2022-05-20 18:52:14,37.3489,-108.5859,73.94,24,40,6.91
200,Karratha,AU,2022-05-20 18:52:14,-20.7377,116.8463,76.12,73,99,7.23
201,Vila Franca Do Campo,PT,2022-05-20 18:52:15,37.7167,-25.4333,64.81,70,91,5.97
202,Shushenskoye,RU,2022-05-20 18:52:15,53.325,91.9356,53.33,83,78,2.53
203,Malakal,SS,2022-05-20 18:52:15,9.5334,31.6605,87.08,49,100,4.65
204,Victoria,HK,2022-05-20 18:50:40,22.2855,114.1577,79.32,85,2,1.01
205,Asekeyevo,RU,2022-05-20 18:52:16,53.5742,52.7972,45.64,89,100,5.06
206,Jaque,PA,2022-05-20 18:52:16,7.5175,-78.1703,76.71,95,100,9.89
207,Kahului,US,2022-05-20 18:52:17,20.8947,-156.47,84.22,54,40,4.61
208,Provideniya,RU,2022-05-20 18:52:17,64.3833,-173.3,45.66,59,13,11.16
209,Penzance,GB,2022-05-20 18:52:17,50.1186,-5.5371,55.78,88,40,16.6
210,Tanggu,CN,2022-05-20 18:52:18,39.0211,117.6469,73.36,40,0,8.72
211,Shahrud,IR,2022-05-20 18:52:18,36.4182,54.9763,69.26,39,3,8.12
212,Guaratinga,BR,2022-05-20 18:52:19,-16.5667,-39.5667,76.46,33,100,7.7
213,Mormugao,IN,2022-05-20 18:50:05,15.4,73.8,72.66,94,75,5.75
214,Havre,FR,2022-05-20 18:52:19,49.5833,0.3333,61.2,72,0,9.22
215,Maceio,BR,2022-05-20 18:50:03,-9.6658,-35.7353,76.44,78,75,9.22
216,Vila Velha,BR,2022-05-20 18:52:20,-20.3297,-40.2925,76.95,50,20,13.8
217,Soe,ID,2022-05-20 18:52:20,-9.8607,124.284,64.98,92,85,5.1
218,Huangmei,CN,2022-05-20 18:52:20,30.1924,116.025,61.12,90,100,3.74
219,Singapore,SG,2022-05-20 18:49:57,1.2897,103.8501,78.75,90,75,3.44
220,Kapaa,US,2022-05-20 18:52:21,22.0752,-159.319,79.12,90,100,6.91
221,Quesnel,CA,2022-05-20 18:52:21,52.9999,-122.5029,55.9,35,0,12.66
222,Bosaso,SO,2022-05-20 18:52:21,11.2842,49.1816,85.66,51,23,2.59
223,Mountain Home,US,2022-05-20 18:52:22,43.133,-115.6912,54.88,30,0,8.05
224,Anadyr,RU,2022-05-20 18:52:22,64.75,177.4833,32.5,93,100,2.24
225,Bukavu,CD,2022-05-20 18:53:22,-2.5083,28.8608,61.12,96,100,0.94
226,Grand Gaube,MU,2022-05-20 18:53:23,-20.0064,57.6608,76.37,71,4,5.01
227,Saquarema,BR,2022-05-20 18:53:23,-22.92,-42.5103,71.74,74,6,15.79
228,Olafsvik,IS,2022-05-20 18:53:23,64.8945,-23.7142,50.09,76,91,9.64
229,Husavik,IS,2022-05-20 18:53:24,66.0449,-17.3389,54.0,61,98,12.44
230,Waipawa,NZ,2022-05-20 18:53:24,-41.4122,175.5153,39.04,84,0,6.4
231,Skibbereen,IE,2022-05-20 18:53:24,51.55,-9.2667,56.1,83,34,15.55
232,Bilibino,RU,2022-05-20 18:53:25,68.0546,166.4372,34.9,88,26,2.77
233,Sivas,TR,2022-05-20 18:53:25,39.7916,37.0019,41.49,75,4,3.53
234,Bethel,US,2022-05-20 18:53:25,41.3712,-73.414,72.18,53,99,10.89
235,San Quintin,MX,2022-05-20 18:53:26,30.4833,-115.95,66.13,67,24,11.61
236,Mankachar,IN,2022-05-20 18:53:26,25.5333,89.8667,75.0,94,55,2.93
237,La Palma,US,2022-05-20 18:52:46,33.8464,-118.0467,68.9,78,75,10.36
238,Sabancuy,MX,2022-05-20 18:53:27,18.9667,-91.1833,95.92,48,36,8.03
239,Riyadh,SA,2022-05-20 18:49:26,24.6877,46.7219,96.94,10,0,6.13
240,Svetlogorsk,BY,2022-05-20 18:53:27,52.6333,29.7333,56.1,95,80,7.63
241,Melfort,CA,2022-05-20 18:53:27,52.8667,-104.6177,37.53,65,100,13.8
242,Urumqi,CN,2022-05-20 18:53:28,43.801,87.6005,67.15,40,0,2.24
243,Saint-Francois,FR,2022-05-20 18:53:28,46.4154,3.9054,78.24,50,0,8.05
244,Pierre,US,2022-05-20 18:53:28,44.3683,-100.351,49.86,81,100,18.01
245,Kirakira,SB,2022-05-20 18:53:29,-10.4544,161.9205,78.85,83,13,2.24
246,Cidreira,BR,2022-05-20 18:53:29,-30.1811,-50.2056,61.84,63,0,8.03
247,Saint-Joseph,RE,2022-05-20 18:53:29,-21.3667,55.6167,71.98,81,25,11.18
248,Llandrindod Wells,GB,2022-05-20 18:53:30,52.2416,-3.3787,58.39,88,31,18.5
249,Nanortalik,GL,2022-05-20 18:53:30,60.1432,-45.2371,39.43,80,61,7.34
250,Kavieng,PG,2022-05-20 18:53:30,-2.5744,150.7967,81.43,78,86,10.58
251,Vuktyl,RU,2022-05-20 18:53:31,63.8567,57.3094,37.38,63,100,14.99
252,Acworth,US,2022-05-20 18:53:31,34.0659,-84.6769,92.25,46,20,12.66
253,Hamilton,US,2022-05-20 18:48:53,39.1834,-84.5333,88.65,52,0,14.97
254,Alamosa,US,2022-05-20 18:53:32,37.4695,-105.87,70.92,15,51,24.43
255,Kieta,PG,2022-05-20 18:53:32,-6.2167,155.6333,78.39,85,43,3.04
256,Verin,ES,2022-05-20 18:53:32,41.9415,-7.4381,79.56,46,100,4.05
257,Moindou,NC,2022-05-20 18:53:33,-21.6924,165.677,74.89,91,41,13.8
258,Ampanihy,MG,2022-05-20 18:53:33,-24.7,44.75,70.88,52,71,3.71
259,Turukhansk,RU,2022-05-20 18:53:33,65.8167,87.9833,48.18,84,92,13.85
260,Kerman,IR,2022-05-20 18:53:34,30.2832,57.0788,73.26,17,0,4.61
261,Osypenko,UA,2022-05-20 18:53:34,46.9136,36.8253,57.22,80,100,8.32
262,Ketchikan,US,2022-05-20 18:53:34,55.3422,-131.6461,46.38,56,0,4.18
263,Zarumilla,PE,2022-05-20 18:53:35,-3.5031,-80.2731,78.98,78,40,11.5
264,Goderich,CA,2022-05-20 18:53:35,43.7501,-81.7165,75.52,64,43,18.41
265,Kitaibaraki,JP,2022-05-20 18:53:35,36.7833,140.75,59.14,79,100,6.44
266,Asyut,EG,2022-05-20 18:53:36,27.181,31.1837,87.84,18,100,16.8
267,Paliyad,IN,2022-05-20 18:53:36,22.25,71.5667,83.88,61,0,20.42
268,Rocha,UY,2022-05-20 18:53:36,-34.4833,-54.3333,62.33,52,13,7.4
269,Bathsheba,BB,2022-05-20 18:53:37,13.2167,-59.5167,86.61,66,20,23.02
270,Lujiang,CN,2022-05-20 18:53:37,31.2581,117.2817,63.39,68,100,1.63
271,Saint-Pierre,RE,2022-05-20 18:53:37,-21.3393,55.4781,75.9,73,0,6.91
272,Dunedin,NZ,2022-05-20 18:53:38,-45.8742,170.5036,47.8,70,55,27.0
273,Muroto,JP,2022-05-20 18:53:38,33.2833,134.15,65.17,64,100,6.49
274,Mao,ES,2022-05-20 18:54:38,39.8885,4.2658,70.36,68,0,8.05
275,Saint Anthony,US,2022-05-20 18:54:39,45.0205,-93.218,64.26,59,100,8.01
276,Sao Joao Da Barra,BR,2022-05-20 18:54:39,-21.6403,-41.0511,77.09,55,61,11.43
277,Chuy,UY,2022-05-20 18:51:10,-33.6971,-53.4616,61.03,55,5,7.72
278,Batagay-Alyta,RU,2022-05-20 18:54:39,67.8006,130.4114,26.8,94,93,4.07
279,Olinda,BR,2022-05-20 18:54:40,-8.0089,-34.8553,83.93,74,75,9.22
280,Acarau,BR,2022-05-20 18:54:40,-2.8856,-40.12,82.62,77,100,6.6
281,Chekhov,RU,2022-05-20 18:54:40,55.1431,37.4711,48.15,62,100,1.99
282,Kinsale,IE,2022-05-20 18:54:41,51.7075,-8.5306,58.37,62,20,13.8
283,Poum,NC,2022-05-20 18:54:41,-20.2333,164.0167,77.22,83,0,10.74
284,Lavrentiya,RU,2022-05-20 18:54:41,65.5833,-171.0,34.38,91,72,6.73
285,Mayo,US,2022-05-20 18:54:42,38.8876,-76.5119,91.4,70,0,12.66
286,Pozo Colorado,PY,2022-05-20 18:54:42,-23.4923,-58.7972,72.91,35,0,6.33
287,Richards Bay,ZA,2022-05-20 18:54:42,-28.783,32.0377,69.12,87,76,5.39
288,Czersk,PL,2022-05-20 18:54:43,53.7959,17.9765,58.46,73,100,5.35
289,Vanimo,PG,2022-05-20 18:54:43,-2.6741,141.3028,77.43,90,39,3.36
290,Calama,CL,2022-05-20 18:54:43,-22.4667,-68.9333,72.09,12,0,10.36
291,Sechura,PE,2022-05-20 18:54:44,-5.5569,-80.8222,78.24,56,15,14.07
292,Fort Nelson,CA,2022-05-20 18:54:44,58.8053,-122.7002,51.39,24,40,5.75
293,Road Town,VG,2022-05-20 18:54:44,18.4167,-64.6167,86.04,66,20,10.36
294,Pangai,TO,2022-05-20 18:52:19,-19.8,-174.35,77.11,78,75,11.5
295,Korla,CN,2022-05-20 18:54:45,41.7597,86.1469,75.52,24,97,8.34
296,Atasu,KZ,2022-05-20 18:54:45,48.6814,71.6433,62.11,38,7,8.86
297,Envira,BR,2022-05-20 18:54:46,-7.3,-70.2167,85.06,45,8,0.72
298,La Paz,BO,2022-05-20 18:51:24,-16.5,-68.15,62.58,13,40,9.22
299,Belaya Gora,RU,2022-05-20 18:54:46,68.5333,146.4167,43.56,78,9,10.96
300,Namie,JP,2022-05-20 18:54:46,37.4833,141.0,60.98,78,100,1.72
301,Rio Gallegos,AR,2022-05-20 18:51:31,-51.6226,-69.2181,46.87,79,99,14.32
302,Gushikawa,JP,2022-05-20 18:54:47,26.3544,127.8686,74.79,94,100,18.41
303,Bulawayo,ZW,2022-05-20 18:54:47,-20.15,28.5833,62.69,51,75,3.76
304,Salalah,OM,2022-05-20 18:54:47,17.0151,54.0924,81.23,81,21,2.84
305,Airai,TL,2022-05-20 18:54:48,-8.9266,125.4092,57.72,91,48,3.91
306,Chunhuhub,MX,2022-05-20 18:54:48,19.55,-88.6833,91.74,47,100,6.64
307,Ilulissat,GL,2022-05-20 18:54:48,69.2167,-51.1,37.44,65,100,4.52
308,Progreso,MX,2022-05-20 18:54:49,21.2833,-89.6667,93.56,48,67,9.35
309,Victoria Point,AU,2022-05-20 18:54:49,-27.5833,153.3,63.16,97,100,13.53
310,Mujiayingzi,CN,2022-05-20 18:54:49,42.1167,118.7833,63.7,23,19,8.52
311,Taltal,CL,2022-05-20 18:54:50,-25.4,-70.4833,67.48,60,100,3.38
312,Chandler,US,2022-05-20 18:52:43,33.3062,-111.8412,95.45,13,0,4.0
313,Pisco,PE,2022-05-20 18:54:50,-13.7,-76.2167,69.03,77,20,8.05
314,Faanui,PF,2022-05-20 18:54:51,-16.4833,-151.75,80.71,71,19,10.76
315,Heihe,CN,2022-05-20 18:54:51,50.2441,127.4902,46.98,85,93,9.82
316,Rabo De Peixe,PT,2022-05-20 18:54:51,37.8,-25.5833,63.91,72,20,14.97
317,Kogon,UZ,2022-05-20 18:54:52,39.7228,64.5517,73.44,35,0,6.91
318,Viedma,AR,2022-05-20 18:54:52,-40.8135,-62.9967,65.14,28,100,12.17
319,Grindavik,IS,2022-05-20 18:54:52,63.8424,-22.4338,54.07,76,75,6.91
320,Upernavik,GL,2022-05-20 18:54:53,72.7868,-56.1549,30.0,77,93,13.44
321,Kapurthala,IN,2022-05-20 18:54:53,31.3794,75.3847,90.18,11,29,8.93
322,Namibe,AO,2022-05-20 18:54:53,-15.1961,12.1522,69.19,67,26,8.66
323,Nago,JP,2022-05-20 18:54:54,26.5881,127.9761,75.63,92,100,18.63
324,Gunnedah,AU,2022-05-20 18:55:54,-30.9833,150.25,48.85,95,20,7.61
325,Lodwar,KE,2022-05-20 18:55:54,3.1191,35.5973,89.26,36,88,18.21
326,Oranjemund,NA,2022-05-20 18:55:55,-28.55,16.4333,54.28,84,0,7.34
327,Humaita,BR,2022-05-20 18:55:55,-7.5061,-63.0208,86.85,41,63,1.68
328,Seoul,KR,2022-05-20 18:55:55,37.5683,126.9778,60.4,88,40,1.14
329,Camacha,PT,2022-05-20 18:55:56,33.0833,-16.3333,65.62,68,20,12.66
330,Mogadishu,SO,2022-05-20 18:54:34,2.0371,45.3438,80.31,79,58,17.85
331,Alta Floresta,BR,2022-05-20 18:51:10,-9.8756,-56.0861,87.62,29,0,3.44
332,Kupiskis,LT,2022-05-20 18:55:56,55.8333,24.9667,55.31,91,8,10.65
333,Longyearbyen,SJ,2022-05-20 18:55:56,78.2186,15.6401,33.64,64,75,12.66
334,Sicamous,CA,2022-05-20 18:55:57,50.8331,-118.9856,54.57,83,100,3.71
335,Norman Wells,CA,2022-05-20 18:55:57,65.282,-126.8329,51.84,54,75,5.75
336,Carutapera,BR,2022-05-20 18:53:16,-1.195,-46.02,78.48,92,100,2.06
337,General Roca,AR,2022-05-20 18:55:58,-39.0333,-67.5833,72.63,22,0,28.25
338,Sao Jose Da Coroa Grande,BR,2022-05-20 18:52:14,-8.8978,-35.1478,79.88,83,62,4.32
339,Kamogawa,JP,2022-05-20 18:55:58,35.1,140.1,65.34,83,100,9.01
340,Killarney,IE,2022-05-20 18:55:58,52.05,-9.5167,54.3,80,22,8.95
341,Port-Gentil,GA,2022-05-20 18:55:59,-0.7193,8.7815,80.56,83,40,12.66
342,Torbay,CA,2022-05-20 18:55:59,47.6666,-52.7314,54.37,58,75,9.22
343,Cartagena,CO,2022-05-20 18:53:11,10.3997,-75.5144,85.62,74,40,11.5
344,Papetoai,PF,2022-05-20 18:56:00,-17.4961,-149.8729,80.19,71,6,5.91
345,Chernoyerkovskaya,RU,2022-05-20 18:56:00,45.4331,37.7686,59.54,67,96,12.59
346,Hervey Bay,AU,2022-05-20 18:56:00,-25.2986,152.8535,67.35,83,100,24.45
347,Baruun-Urt,MN,2022-05-20 18:56:01,46.6806,113.2792,60.26,38,93,2.28
348,Tilichiki,RU,2022-05-20 18:56:01,60.4667,166.1,35.51,93,100,4.14
349,Igra,RU,2022-05-20 18:56:01,57.5558,53.0547,35.67,92,30,7.63
350,Yulara,AU,2022-05-20 18:56:02,-25.2406,130.9889,54.37,66,9,9.28
351,Lompoc,US,2022-05-20 18:56:02,34.6391,-120.4579,72.01,66,8,7.0
352,Severo-Kurilsk,RU,2022-05-20 18:56:02,50.6789,156.125,42.89,89,100,6.82
353,Tessalit,ML,2022-05-20 18:56:03,20.1986,1.0114,95.81,8,75,4.23
354,Sambava,MG,2022-05-20 18:56:03,-14.2667,50.1667,73.98,86,68,10.67
355,Finnsnes,NO,2022-05-20 18:56:03,69.2296,17.9811,48.81,86,100,3.18
356,Kaputa,ZM,2022-05-20 18:56:04,-8.4689,29.6619,70.14,69,86,3.8
357,Macusani,PE,2022-05-20 18:56:04,-14.0833,-70.4333,50.86,39,56,10.94
358,Santa Cruz,BO,2022-05-20 18:55:40,-17.8,-63.1667,77.05,33,8,13.8
359,Methoni,GR,2022-05-20 18:56:05,36.8197,21.7049,60.66,68,0,6.96
360,Chitaga,CO,2022-05-20 18:56:05,7.1378,-72.6646,60.78,76,93,5.73
361,Manokwari,ID,2022-05-20 18:56:06,-0.8667,134.0833,78.03,82,17,2.21
362,Nerchinskiy Zavod,RU,2022-05-20 18:56:06,51.3088,119.61,46.04,44,2,4.54
363,Klaksvik,FO,2022-05-20 18:56:06,62.2266,-6.589,49.12,98,100,17.25
364,Kailua,US,2022-05-20 18:56:07,21.4022,-157.7394,79.14,93,68,1.01
365,Cordoba,AR,2022-05-20 18:56:07,-31.4135,-64.1811,78.42,26,0,5.75
366,Aswan,EG,2022-05-20 18:56:07,24.0934,32.907,91.92,10,0,16.67
367,Kaili,ID,2022-05-20 18:56:08,-3.4626,120.2147,66.25,96,97,3.38
368,Sortland,NO,2022-05-20 18:56:08,68.6949,15.4162,48.09,93,100,5.14
369,Khvoynaya,RU,2022-05-20 18:57:08,58.9,34.5333,39.72,63,100,4.68
370,Esperance,AU,2022-05-20 18:57:09,-33.8667,121.9,61.29,70,70,6.46
371,Cayenne,GF,2022-05-20 18:55:36,4.9333,-52.3333,75.24,1,75,5.75
372,Shingu,JP,2022-05-20 18:57:09,33.7333,135.9833,63.64,76,100,8.05
373,Iquitos,PE,2022-05-20 18:57:09,-3.7481,-73.2472,80.64,65,75,6.91
374,Portland,US,2022-05-20 18:53:32,45.5234,-122.6762,57.61,66,99,1.99
375,Micheweni,TZ,2022-05-20 18:57:10,-4.9667,39.8333,77.32,86,100,10.27
376,Obo,CF,2022-05-20 18:57:10,5.3998,26.4869,68.99,96,100,4.63
377,Deputatskiy,RU,2022-05-20 18:57:11,69.3,139.9,27.0,98,100,1.32
378,Umm Kaddadah,SD,2022-05-20 18:57:11,13.6017,26.6876,87.67,9,22,12.73
379,Aborlan,PH,2022-05-20 18:57:11,9.4352,118.5492,80.67,84,81,3.09
380,Sawtell,AU,2022-05-20 18:57:12,-30.3833,153.1,59.02,94,75,11.5
381,Mount Isa,AU,2022-05-20 18:57:12,-20.7333,139.5,65.97,68,0,9.22
382,Leshukonskoye,RU,2022-05-20 18:57:12,64.8989,45.7622,28.36,81,9,4.81
383,Ambulu,ID,2022-05-20 18:57:13,-8.345,113.6058,75.94,90,99,2.24
384,La Baule-Escoublac,FR,2022-05-20 18:57:13,47.2922,-2.364,64.06,80,0,12.66
385,Ndele,CF,2022-05-20 18:57:13,8.4109,20.6473,74.43,87,99,7.16
386,Wanning,CN,2022-05-20 18:57:14,18.8003,110.3967,76.46,90,100,1.9
387,Luganville,VU,2022-05-20 18:57:14,-15.5333,167.1667,76.21,87,1,3.74
388,Caravelas,BR,2022-05-20 18:57:14,-17.7125,-39.2481,72.91,62,0,6.4
389,Oranjestad,AW,2022-05-20 18:56:26,12.524,-70.027,87.75,62,20,24.16
390,Nioro,GM,2022-05-20 18:57:15,13.35,-15.75,97.88,19,44,9.95
391,Cua,VE,2022-05-20 18:57:15,10.1589,-66.8858,93.6,28,5,8.05
392,Ballina,AU,2022-05-20 18:57:16,-28.8667,153.5667,60.78,81,100,15.66
393,Kinablangan,PH,2022-05-20 18:57:16,7.6947,126.5503,77.76,82,100,3.89
394,Narasannapeta,IN,2022-05-20 18:57:16,18.4167,84.05,83.79,79,100,13.4
395,Masallatah,LY,2022-05-20 18:57:17,32.6167,14.0,63.23,70,0,12.86
396,Dalby,AU,2022-05-20 18:57:17,-27.1833,151.2667,57.97,94,100,1.01
397,Mantua,IT,2022-05-20 18:54:51,45.1667,10.7833,83.44,45,11,1.99
398,Lukovetskiy,RU,2022-05-20 18:57:18,64.2956,41.9211,34.48,64,100,4.54
399,Allapalli,IN,2022-05-20 18:57:18,19.4167,80.0667,89.74,54,95,7.07
400,Hambantota,LK,2022-05-20 18:57:18,6.1241,81.1185,79.14,100,20,6.91
401,Oktyabrskiy,RU,2022-05-20 18:57:19,54.4815,53.471,43.52,94,100,5.21
402,Iwanai,JP,2022-05-20 18:57:19,42.9744,140.5089,50.0,85,7,7.27
403,Point Pedro,LK,2022-05-20 18:57:20,9.8167,80.2333,83.05,81,62,24.96
404,Chanika,TZ,2022-05-20 18:57:20,-5.4167,38.0167,65.07,98,34,3.44
405,Petropavlovsk-Kamchatskiy,RU,2022-05-20 18:57:20,53.0452,158.6483,37.99,100,100,2.24
406,Clyde River,CA,2022-05-20 18:57:21,70.4692,-68.5914,25.03,86,75,11.5
407,Wladyslawowo,PL,2022-05-20 18:57:21,54.7909,18.4009,60.94,90,100,11.86
408,Ancud,CL,2022-05-20 18:57:22,-41.8697,-73.8203,52.84,84,94,19.33
409,Kutum,SD,2022-05-20 18:57:22,14.2,24.6667,84.76,11,7,12.01
410,Heide,DE,2022-05-20 18:57:22,54.2,9.1,59.18,96,100,11.7
411,Leningradskiy,RU,2022-05-20 18:58:23,69.3833,178.4167,32.25,93,23,5.64
412,Carnarvon,AU,2022-05-20 18:58:23,-24.8667,113.6333,69.73,68,0,15.95
413,Hamada,JP,2022-05-20 18:58:23,34.8833,132.0833,59.05,76,100,4.81
414,Leon Valley,US,2022-05-20 18:58:24,29.4952,-98.6186,98.29,29,93,15.93
415,Bardiyah,LY,2022-05-20 18:58:24,31.7561,25.0865,64.65,60,0,10.56
416,Vila Do Maio,CV,2022-05-20 18:58:24,15.1333,-23.2167,77.79,86,7,15.77
417,Talcahuano,CL,2022-05-20 18:58:25,-36.7167,-73.1167,58.68,77,40,11.5
418,Drabiv,UA,2022-05-20 18:58:25,49.963,32.1529,55.27,87,98,8.72
419,Mufulira,ZM,2022-05-20 18:58:25,-12.5498,28.2407,63.5,66,72,2.04
420,Yanam,IN,2022-05-20 18:58:26,16.7333,82.2167,83.39,74,100,5.19
421,Ciudad Bolivar,VE,2022-05-20 18:58:26,8.1222,-63.5497,96.67,31,70,8.41
422,Sisimiut,GL,2022-05-20 18:58:26,66.9395,-53.6735,39.74,52,100,4.56
423,Hasaki,JP,2022-05-20 18:58:27,35.7333,140.8333,64.8,77,100,12.71
424,Saint-Augustin,CA,2022-05-20 18:58:27,51.226,-58.6502,62.49,38,39,8.66
425,Griffith,US,2022-05-20 18:56:56,41.5284,-87.4237,85.08,61,100,26.46
426,Kushmurun,KZ,2022-05-20 18:58:27,52.4503,64.6311,55.18,87,100,9.98
427,Ust-Uda,RU,2022-05-20 18:58:28,54.1742,103.0304,58.89,88,100,5.61
428,Khani,GE,2022-05-20 18:58:28,41.9563,42.9566,44.17,97,100,2.57
429,Abu Zabad,SD,2022-05-20 18:58:28,12.35,29.25,93.96,25,30,11.86
430,Benjamin Hill,MX,2022-05-20 18:58:29,30.1667,-111.1,83.3,20,0,25.88
431,Bristol,US,2022-05-20 18:58:29,41.8334,-71.1662,79.25,61,8,8.99
432,Ixtapa,MX,2022-05-20 18:54:36,20.7,-105.2,91.54,32,1,8.5
433,Mungaa,TZ,2022-05-20 18:58:29,-4.9667,34.8833,62.87,51,100,6.53
434,Pombas,CV,2022-05-20 18:58:30,17.1503,-25.0201,76.78,80,96,14.5
435,Zhenlai,CN,2022-05-20 18:58:30,45.8495,123.2973,62.01,37,0,8.23
436,Sosnogorsk,RU,2022-05-20 18:58:30,63.6023,53.8817,35.78,66,100,10.63
437,Alice Springs,AU,2022-05-20 18:58:31,-23.7,133.8833,42.35,93,0,0.0
438,San Cristobal,VE,2022-05-20 18:58:31,7.7669,-72.225,80.78,43,23,9.46
439,Bambanglipuro,ID,2022-05-20 18:58:31,-7.95,110.2833,76.32,92,100,4.47
440,Pacific Grove,US,2022-05-20 18:54:16,36.6177,-121.9166,73.54,73,27,7.0
441,Takikawa,JP,2022-05-20 18:58:32,43.5528,141.9064,49.41,88,5,2.82
442,Ivanivka,UA,2022-05-20 18:58:32,46.7208,34.553,61.5,65,100,7.2
443,Hope,US,2022-05-20 18:56:09,33.6671,-93.5916,90.99,41,0,15.08
444,Zverinogolovskoye,RU,2022-05-20 18:58:33,54.4586,64.8542,48.78,75,100,10.36
445,Monastyrishche,RU,2022-05-20 18:58:33,44.1931,132.4972,54.21,69,90,7.07
446,Itaueira,BR,2022-05-20 18:58:33,-7.6033,-43.0256,88.61,41,79,2.17
447,Novouzensk,RU,2022-05-20 18:58:34,50.4592,48.1431,47.32,79,34,13.35
448,Yangambi,CD,2022-05-20 18:58:34,0.8102,24.4336,71.73,98,100,3.67
449,Banja Luka,BA,2022-05-20 18:55:04,44.7758,17.1856,70.97,56,5,4.79
450,Manama,BH,2022-05-20 18:58:11,26.2154,50.5832,96.98,48,0,13.8
451,Darhan,MN,2022-05-20 18:58:35,49.4867,105.9228,64.78,44,12,2.71
452,Flinders,AU,2022-05-20 18:58:35,-34.5833,150.8552,56.17,91,93,1.99
453,Upata,VE,2022-05-20 18:58:35,8.0086,-62.3989,93.04,32,59,8.72
454,Yigou,CN,2022-05-20 18:58:36,35.8114,114.3167,66.92,51,3,8.05
455,Kalmunai,LK,2022-05-20 18:58:36,7.4167,81.8167,82.26,72,95,5.59
456,Vakhrushevo,RU,2022-05-20 18:58:36,55.2317,61.7173,46.78,65,40,2.24
457,Inhambane,MZ,2022-05-20 18:59:37,-23.865,35.3833,78.78,83,40,11.5
458,Coihaique,CL,2022-05-20 18:57:23,-45.5752,-72.0662,47.01,81,75,5.75
459,Laguna,US,2022-05-20 18:59:37,38.421,-121.4238,76.08,21,0,11.01
460,Garmsar,IR,2022-05-20 18:59:37,35.2182,52.3409,82.9,12,21,5.48
461,Orocue,CO,2022-05-20 18:59:38,4.7912,-71.3354,81.5,70,97,6.22
462,Baykit,RU,2022-05-20 18:59:38,61.67,96.37,47.88,92,51,3.0
463,Lujan,AR,2022-05-20 18:59:38,-34.5703,-59.105,67.01,56,12,4.0
464,Poso,ID,2022-05-20 18:59:39,-1.3959,120.7524,77.74,87,100,3.15
465,Lenger,KZ,2022-05-20 18:59:39,42.183,69.8839,67.44,60,61,6.73
466,Acari,PE,2022-05-20 18:59:39,-15.4311,-74.6158,77.23,55,67,9.13
467,Gelemso,ET,2022-05-20 18:59:40,8.8167,40.5167,69.01,47,81,7.02
468,Oussouye,SN,2022-05-20 18:59:40,12.485,-16.5469,91.58,65,4,12.08
469,Uaua,BR,2022-05-20 18:59:40,-9.8414,-39.4817,73.38,76,100,9.35
470,Gasa,PS,2022-05-20 18:59:41,31.5,34.4667,73.11,60,100,15.79
471,Tortoli,IT,2022-05-20 18:59:41,39.9256,9.6572,65.93,70,4,5.44
472,Soverato,IT,2022-05-20 18:59:41,38.685,16.5499,67.95,56,0,11.81
473,Zhigansk,RU,2022-05-20 18:59:42,66.7697,123.3711,30.16,98,40,7.11
474,Nouadhibou,MR,2022-05-20 18:59:42,20.931,-17.0347,71.58,73,0,21.85
475,Zelenets,RU,2022-05-20 18:59:42,61.8849,50.7489,41.41,59,100,10.45
476,Aktas,KZ,2022-05-20 18:59:43,49.7789,72.9608,61.25,40,11,7.92
477,Taman,RU,2022-05-20 18:59:43,45.2117,36.7161,60.39,74,100,12.53
478,Tadine,NC,2022-05-20 18:59:43,-21.55,167.8833,74.66,90,100,23.69
479,Gemena,CD,2022-05-20 18:59:44,3.25,19.7667,69.98,98,99,2.15
480,Ostersund,SE,2022-05-20 18:59:44,63.1792,14.6357,59.45,44,0,9.22
481,Carmelo,UY,2022-05-20 18:59:44,-33.9892,-58.2856,64.56,49,11,11.9
482,Frisco,US,2022-05-20 18:59:45,33.1507,-96.8236,92.97,56,0,14.0
483,Tianpeng,CN,2022-05-20 18:59:45,30.9866,103.9393,71.73,70,100,3.18
484,Salinas,US,2022-05-20 18:59:45,36.6777,-121.6555,74.98,55,21,8.5
485,Chiredzi,ZW,2022-05-20 18:59:46,-21.05,31.6667,70.79,55,27,7.99
486,Berlevag,NO,2022-05-20 18:59:46,70.8578,29.0864,37.35,70,100,12.66
487,Dubna,RU,2022-05-20 18:59:46,56.7333,37.1667,38.57,68,100,5.7
488,Gweta,BW,2022-05-20 18:59:47,-20.1833,25.2333,74.88,29,83,8.25
489,Bukama,CD,2022-05-20 18:59:47,-9.2,25.85,74.98,56,86,1.92
490,Sinamar,PH,2022-05-20 18:59:47,16.9,121.5667,74.86,89,100,2.21
491,Puerto Madryn,AR,2022-05-20 18:59:48,-42.7692,-65.0385,68.4,28,98,25.7
492,Watrous,CA,2022-05-20 18:59:48,51.6668,-105.4679,37.18,75,100,17.27
493,Antofagasta,CL,2022-05-20 18:59:48,-23.65,-70.4,60.08,63,23,7.92
494,Lata,PT,2022-05-20 18:59:49,40.1629,-8.3327,76.77,46,100,6.04
495,Ivanino,RU,2022-05-20 18:59:49,51.6434,35.5769,52.84,80,100,4.76
496,Balgazyn,RU,2022-05-20 18:59:49,51.0,95.2,52.66,88,100,2.33
497,Terekli-Mekteb,RU,2022-05-20 18:59:50,44.1671,45.8698,54.61,69,49,16.17
498,Half Moon Bay,US,2022-05-20 18:56:13,37.4636,-122.4286,75.87,33,17,15.05
499,Khasan,RU,2022-05-20 18:59:50,42.4308,130.6434,52.38,83,13,3.02
500,Keetmanshoop,NA,2022-05-20 18:59:51,-26.5833,18.1333,45.93,55,7,21.0
501,Gat,IL,2022-05-20 18:59:51,31.61,34.7642,82.4,42,96,8.68
502,Palmer,US,2022-05-20 18:59:51,42.1584,-72.3287,79.63,52,6,4.0
503,Boden,SE,2022-05-20 18:59:52,65.8252,21.6886,44.6,58,92,5.77
504,Cottonwood,US,2022-05-20 18:56:04,34.7392,-112.0099,84.56,17,0,10.0
505,Sao Gabriel Da Cachoeira,BR,2022-05-20 19:00:52,-0.1303,-67.0892,69.73,99,100,1.77
506,Masuda,JP,2022-05-20 19:00:52,34.6667,131.85,60.48,75,100,4.68
507,Canillo,AD,2022-05-20 19:00:53,42.5833,1.6667,56.52,57,77,3.13
508,Lindi,TZ,2022-05-20 19:00:53,-10.0,39.7167,70.84,95,42,3.87
509,Paracuru,BR,2022-05-20 19:00:54,-3.41,-39.0306,83.1,78,99,5.91
510,Erenhot,CN,2022-05-20 19:00:54,43.6475,111.9767,69.08,17,61,6.96
511,Atherton,GB,2022-05-20 19:00:55,53.5237,-2.4935,59.76,90,16,4.0
512,Destin,US,2022-05-20 18:59:51,30.3935,-86.4958,87.03,81,7,13.24
513,Cap Malheureux,MU,2022-05-20 19:00:55,-19.9842,57.6142,76.46,71,3,7.0
514,Kerouane,GN,2022-05-20 19:00:56,9.2667,-9.0167,76.01,79,98,5.08
515,Natal,BR,2022-05-20 18:57:31,-5.795,-35.2094,86.65,74,40,13.8
516,Rayagada,IN,2022-05-20 19:00:56,19.1667,83.4167,82.54,77,100,3.98
517,Svetlaya,RU,2022-05-20 19:00:57,46.5389,138.3297,41.81,96,52,2.01
518,Somerset,US,2022-05-20 19:00:38,40.5668,-74.5496,85.12,53,80,11.88
519,Miri,MY,2022-05-20 19:00:57,4.4148,114.0089,75.65,91,100,4.92
520,Grand-Santi,GF,2022-05-20 19:00:58,4.25,-54.3833,74.52,98,100,2.64
521,Omsukchan,RU,2022-05-20 19:00:58,62.5333,155.8,31.73,97,100,5.77
522,Swift Current,CA,2022-05-20 19:00:04,50.2834,-107.8014,43.86,38,100,21.97
523,Luau,AO,2022-05-20 19:00:58,-10.7073,22.2247,66.6,47,0,2.75
524,Vostok,RU,2022-05-20 19:00:59,46.4856,135.8833,46.31,81,50,5.35
525,Kipushi,CD,2022-05-20 19:00:59,-11.7667,27.2333,64.22,66,100,2.35
526,Sibu,MY,2022-05-20 19:01:00,2.3,111.8167,74.03,99,96,2.06
527,Sheridan,US,2022-05-20 19:01:00,44.8333,-106.9173,42.46,73,100,19.57
528,Velika Plana,RS,2022-05-20 19:01:00,44.3339,21.0768,60.35,49,17,3.31
529,Xai-Xai,MZ,2022-05-20 19:01:01,-25.0519,33.6442,70.88,74,12,7.74
530,Itoman,JP,2022-05-20 19:01:01,26.1247,127.6694,75.22,88,100,17.27
531,Tena,EC,2022-05-20 19:01:02,-0.9833,-77.8167,80.71,64,94,4.25
532,Prince Rupert,CA,2022-05-20 19:00:16,54.3161,-130.3201,46.49,87,100,5.75
533,Umtata,ZA,2022-05-20 19:01:02,-31.5889,28.7844,52.86,96,100,4.23
534,Alpinopolis,BR,2022-05-20 19:01:03,-20.8636,-46.3881,63.84,40,0,3.13
535,Xanlar,AZ,2022-05-20 19:01:03,40.5869,46.3158,53.11,54,75,16.11
536,Antalaha,MG,2022-05-20 19:01:03,-14.9003,50.2788,71.82,89,32,8.48
537,Conceicao Da Barra,BR,2022-05-20 19:01:04,-18.5933,-39.7322,74.01,54,0,7.61
538,Inyonga,TZ,2022-05-20 19:01:04,-6.7167,32.0667,66.65,63,100,3.56
539,Davila,PH,2022-05-20 19:01:04,18.4726,120.5763,79.03,85,100,14.32
540,Killybegs,IE,2022-05-20 19:01:05,54.6333,-8.45,55.11,83,3,20.98
541,Akyab,MM,2022-05-20 19:01:05,20.15,92.9,83.23,81,69,3.56
542,Umm Lajj,SA,2022-05-20 19:01:05,25.0213,37.2685,83.39,53,0,6.8
543,Hanstholm,DK,2022-05-20 19:01:06,57.1167,8.6167,53.62,77,100,8.93
544,Pochutla,MX,2022-05-20 19:01:06,15.7432,-96.4661,93.81,34,90,13.38
545,Nuuk,GL,2022-05-20 19:01:06,64.1835,-51.7216,32.61,93,100,5.75
546,Nanakuli,US,2022-05-20 19:01:07,21.3906,-158.1547,79.11,88,100,3.44
547,Tromso,NO,2022-05-20 19:01:07,69.6496,18.957,46.42,53,75,8.05
548,Touros,BR,2022-05-20 19:01:08,-5.1989,-35.4608,83.01,71,90,8.1
549,Khomutovo,RU,2022-05-20 19:01:08,52.4658,104.4025,52.41,75,100,9.93
550,Labrea,BR,2022-05-20 19:02:09,-7.2586,-64.7981,86.59,42,40,1.39
551,Kulhudhuffushi,MV,2022-05-20 19:02:09,6.6221,73.07,83.28,77,21,14.32
552,Karwar,IN,2022-05-20 19:02:09,14.8,74.1333,73.33,87,100,1.92
553,Ust-Nera,RU,2022-05-20 19:02:10,64.5667,143.2,35.24,96,100,4.85
554,Manggar,ID,2022-05-20 19:02:10,-2.8833,108.2667,79.95,85,100,6.13
555,Santa Rosa,PH,2022-05-20 18:58:17,14.3122,121.1114,77.11,93,100,2.1
556,Inirida,CO,2022-05-20 19:02:10,3.8653,-67.9239,79.23,88,68,2.59
557,Klyuchi,RU,2022-05-20 19:02:11,52.2667,79.1667,63.57,43,100,6.55
558,Nokha,IN,2022-05-20 19:02:11,27.6,73.4167,94.53,19,100,12.64
559,Dubbo,AU,2022-05-20 19:00:43,-32.25,148.6167,50.13,93,75,10.36
